metric,n,r2,slope,intercept,p,stderr
IKP (full set),93,0.9105,15.8784,24.22558751472915,1.80e-49,0.5219587020114271
mmlu,30,0.7049,12.8884,56.85936017838674,6.67e-09,1.5759871079522472
IKP (subset matching mmlu),30,0.8875,14.3472,25.522482523911727,8.19e-15,0.9652124001867073
mmlu_pro,25,0.6894,18.3442,33.28181296414324,2.82e-07,2.567459942085697
IKP (subset matching mmlu_pro),25,0.8952,14.388,24.39825980761356,9.35e-13,1.0263149043346567
gpqa_diamond,30,0.5196,15.8156,28.96954449309762,7.03e-06,2.8741055072435087
IKP (subset matching gpqa_diamond),30,0.9019,15.0382,23.0221686679902,1.20e-15,0.9373466582343281
simpleqa,10,0.9038,10.6104,-3.809326554046727,2.44e-05,1.2241281804256499
IKP (subset matching simpleqa),10,0.9938,16.4343,22.32263890680831,4.12e-10,0.4599479171490735
