{
  "aggregate_fit": {
    "alpha": 13.605023728652402,
    "beta": -6.747906161945806,
    "r_squared": 0.8415836864724293,
    "rmse": 0.7766426761258894,
    "pearson_r": 0.9173787039562393,
    "pearson_p": 0.0001843417409499506,
    "n_points": 10
  },
  "tier_fits": {
    "T1": {
      "tier": "T1",
      "L": 0.9846825316752243,
      "k": 1.0117142823035976,
      "m": -1.8467888054903405,
      "r_squared": 0.6467918426190322,
      "residuals": [
        0.004085224518264319,
        -0.020087716044904558,
        0.014418501764835945,
        0.010680131327312936,
        0.005236335681374382,
        0.0007043450165001852,
        0.017301888077838945,
        -0.0635158593723858,
        0.01566716930789036,
        0.015527324856423497
      ],
      "converged": true
    },
    "T2": {
      "tier": "T2",
      "L": 0.9654406926781097,
      "k": 0.9641453682451818,
      "m": -1.0684817166734222,
      "r_squared": 0.941083711466832,
      "residuals": [
        0.00674955702211566,
        -0.025131701746378243,
        -0.0007662081255076503,
        0.0245474129838813,
        0.019701562445984755,
        -0.012511452128880163,
        -0.0007608704283758039,
        -0.022122815567588328,
        0.015205258078048955,
        -0.00479255892913133
      ],
      "converged": true
    },
    "T3": {
      "tier": "T3",
      "L": 0.8974283671783313,
      "k": 1.532679427572694,
      "m": 0.21194391492133846,
      "r_squared": 0.9679805441571457,
      "residuals": [
        -0.009803369613111845,
        0.031340365924771296,
        -0.02538364178450503,
        -0.020904242718080224,
        0.002309279230466199,
        -0.011999168866013932,
        0.004309831574592526,
        -0.0366511434359571,
        0.022696838391071394,
        0.04262938781136871
      ],
      "converged": true
    },
    "T4": {
      "tier": "T4",
      "L": 0.914667467950531,
      "k": 0.9863418020672808,
      "m": 0.6618364560300051,
      "r_squared": 0.9385385455606027,
      "residuals": [
        -0.010350727263134907,
        0.023021335378703767,
        -0.08640082049737985,
        0.0888589656638692,
        -0.009558488337027549,
        -0.0002485970464378706,
        -0.017400587136467638,
        -0.0196628435255346,
        -0.016365579085658166,
        0.04651884076947943
      ],
      "converged": true
    },
    "T5": {
      "tier": "T5",
      "L": 0.8912059697586929,
      "k": 1.022076686691216,
      "m": 0.7315657046436239,
      "r_squared": 0.916744715197019,
      "residuals": [
        -0.03898598602660547,
        0.06924766967120599,
        -0.08449108911368519,
        0.07364288246137662,
        -0.029819971500125164,
        0.0025569537355578653,
        -0.038470629852562,
        -0.04091910136922838,
        0.06936813731669311,
        0.011217275985752395
      ],
      "converged": true
    },
    "T6": {
      "tier": "T6",
      "L": 1.4999999999981994,
      "k": 0.3377494088159806,
      "m": 6.212466109624271,
      "r_squared": 0.8680466739986941,
      "residuals": [
        0.035715012328102785,
        -0.002275657003843995,
        0.021997104681295176,
        0.07513656428947035,
        -0.026241540905197425,
        -0.07449120233028028,
        -0.09494442070586712,
        0.0055159544587986,
        0.1652957618091676,
        -0.08379357078570127
      ],
      "converged": true
    },
    "T7": {
      "tier": "T7",
      "L": 0.7428683384782439,
      "k": 0.7616718894661354,
      "m": 1.6474758809738057,
      "r_squared": 0.8498578371486156,
      "residuals": [
        0.0036956404394748177,
        0.003575298556129314,
        -0.09193892918141444,
        0.10391635094759127,
        -0.040766005551809315,
        0.043482665728211134,
        0.030624920509881526,
        -0.11024389120386291,
        0.11643088693916481,
        -0.05832581771812828
      ],
      "converged": true
    }
  },
  "loocv": {
    "per_model": [
      {
        "model": "llama-3.2-1b",
        "actual_params_B": 1.24,
        "predicted_params_agg_B": 0.1258924237651169,
        "predicted_params_tier_B": 1.5842870016503228,
        "mult_error_agg": 9.849679296933097,
        "mult_error_tier": 1.2776508077825184
      },
      {
        "model": "llama-3.2-3b",
        "actual_params_B": 3.21,
        "predicted_params_agg_B": 5.073152672239467,
        "predicted_params_tier_B": 3.140767659113812,
        "mult_error_agg": 1.5804213932210178,
        "mult_error_tier": 1.0220431271588304
      },
      {
        "model": "qwen-2.5-7b",
        "actual_params_B": 7.62,
        "predicted_params_agg_B": 9.775690982373389,
        "predicted_params_tier_B": 4.509630265713269,
        "mult_error_agg": 1.282899079051626,
        "mult_error_tier": 1.6897172386691834
      },
      {
        "model": "gemma-2-9b",
        "actual_params_B": 9.24,
        "predicted_params_agg_B": 45.9591249201313,
        "predicted_params_tier_B": 20.111404410926806,
        "mult_error_agg": 4.973931268412478,
        "mult_error_tier": 2.1765589189314722
      },
      {
        "model": "phi-4",
        "actual_params_B": 14.7,
        "predicted_params_agg_B": 28.730486823098346,
        "predicted_params_tier_B": 11.252004638147895,
        "mult_error_agg": 1.9544548859250577,
        "mult_error_tier": 1.3064338731395735
      },
      {
        "model": "gemma-2-27b",
        "actual_params_B": 27.0,
        "predicted_params_agg_B": 48.40259495935579,
        "predicted_params_tier_B": 21.825436055272203,
        "mult_error_agg": 1.7926887021983626,
        "mult_error_tier": 1.237088685496289
      },
      {
        "model": "qwen-2.5-72b",
        "actual_params_B": 72.7,
        "predicted_params_agg_B": 70.95336316600687,
        "predicted_params_tier_B": 34.35672018345989,
        "mult_error_agg": 1.024616688428237,
        "mult_error_tier": 2.1160343482088093
      },
      {
        "model": "mistral-large",
        "actual_params_B": 123.0,
        "predicted_params_agg_B": 55.76843785875436,
        "predicted_params_tier_B": 24.73156330688087,
        "mult_error_agg": 2.205548599218865,
        "mult_error_tier": 4.973401740672765
      },
      {
        "model": "hermes-3-405b",
        "actual_params_B": 405.0,
        "predicted_params_agg_B": 316.7015619880813,
        "predicted_params_tier_B": 622.7029815393533,
        "mult_error_agg": 1.2788064493829105,
        "mult_error_tier": 1.5375382260230948
      },
      {
        "model": "deepseek-v3",
        "actual_params_B": 671.0,
        "predicted_params_agg_B": 123.38265408710991,
        "predicted_params_tier_B": 121.66448801939751,
        "mult_error_agg": 5.438365748934729,
        "mult_error_tier": 5.515167251540314
      }
    ],
    "aggregate_estimator": {
      "median_mult_error": 1.8735717940617103,
      "mean_mult_error": 3.138141211170638,
      "max_mult_error": 9.849679296933097,
      "pct_within_2x": 0.6
    },
    "tier_estimator": {
      "median_mult_error": 1.613627732346139,
      "mean_mult_error": 2.2851634217622854,
      "max_mult_error": 5.515167251540314,
      "pct_within_2x": 0.6
    }
  },
  "bootstrap_ci": {
    "alpha_ci_95": [
      10.173484820363475,
      21.26611257780265
    ],
    "beta_ci_95": [
      -12.785213688675862,
      -4.544920123234318
    ],
    "n_bootstrap": 1000
  },
  "calibration_models": [
    {
      "name": "llama-3.2-1b",
      "params_billion": 1.24,
      "aggregate_accuracy": 0.44508532867216843,
      "per_tier_accuracy": {
        "T1": 0.88,
        "T2": 0.7551020408163265,
        "T3": 0.44,
        "T4": 0.34782608695652173,
        "T5": 0.2916666666666667,
        "T6": 0.21052631578947367,
        "T7": 0.19047619047619047
      }
    },
    {
      "name": "llama-3.2-3b",
      "params_billion": 3.21,
      "aggregate_accuracy": 0.608620766988114,
      "per_tier_accuracy": {
        "T1": 0.92,
        "T2": 0.84,
        "T3": 0.76,