{
  "aggregate_fit": {
    "alpha": 13.605023728652409,
    "beta": -6.747906161945815,
    "r_squared": 0.8415836864724294,
    "rmse": 0.7766426761258893,
    "pearson_r": 0.9173787039562393,
    "pearson_p": 0.0001843417409499506,
    "n_points": 10
  },
  "tier_fits": {
    "T1": {
      "tier": "T1",
      "L": 0.9846825309072583,
      "k": 1.0117144197898862,
      "m": -1.846788444276834,
      "r_squared": 0.6467918426185797,
      "residuals": [
        0.004085233131486565,
        -0.020087717389791315,
        0.014418499377414462,
        0.010680129069807087,
        0.0052363339082618365,
        0.0007043439501986937,
        0.017301887898059087,
        -0.06351585924632352,
        0.01566716982601546,
        0.015527325459874008
      ],
      "converged": true
    },
    "T2": {
      "tier": "T2",
      "L": 0.9654406926959332,
      "k": 0.9641453608189994,
      "m": -1.06848173497813,
      "r_squared": 0.9410837114668472,
      "residuals": [
        0.006749555642554528,
        -0.025131701856975552,
        -0.0007662079058553539,
        0.024547413219767722,
        0.019701562679543483,
        -0.012511451940570462,
        -0.0007608703252287574,
        -0.022122815499307946,
        0.015205258096964158,
        -0.004792558921927537
      ],
      "converged": true
    },
    "T3": {
      "tier": "T3",
      "L": 0.8974283677752349,
      "k": 1.5326794129723489,
      "m": 0.21194391414817634,
      "r_squared": 0.9679805441571332,
      "residuals": [
        -0.009803370167776326,
        0.031340367187051466,
        -0.025383641102962318,
        -0.020904242229288994,
        0.0023092793216203944,
        -0.011999169115323283,
        0.004309831079990278,
        -0.036651143981106915,
        0.02269683780468934,
        0.04262938721974441
      ],
      "converged": true
    },
    "T4": {
      "tier": "T4",
      "L": 0.9146674672388931,
      "k": 0.9863418101891288,
      "m": 0.6618364581490965,
      "r_squared": 0.9385385455606058,
      "residuals": [
        -0.01035072573832757,
        0.023021335389639463,
        -0.0864008212820716,
        0.08885896484164835,
        -0.009558489091601174,
        -0.0002485975223148751,
        -0.017400587107323173,
        -0.019662843292209575,
        -0.01636557857014609,
        0.04651884134978279
      ],
      "converged": true
    },
    "T5": {
      "tier": "T5",
      "L": 0.891205968610703,
      "k": 1.022076675123182,
      "m": 0.7315656782822456,
      "r_squared": 0.9167447151970185,
      "residuals": [
        -0.038985992446738116,
        0.06924766572128827,
        -0.08449108996467969,
        0.07364288213728631,
        -0.029819970892778547,
        0.002556954958942481,
        -0.03847062841714233,
        -0.04091909996828513,
        0.06936813859680668,
        0.011217277227015376
      ],
      "converged": true
    },
    "T6": {
      "tier": "T6",
      "L": 1.499999999998211,
      "k": 0.33774940901071243,
      "m": 6.212466109147764,
      "r_squared": 0.8680466739986942,
      "residuals": [
        0.03571501248361128,
        -0.002275656843348184,
        0.021997104835650927,
        0.07513656444073291,
        -0.02624154076427787,
        -0.07449120220942101,
        -0.09494442063350034,
        0.005515954498438114,
        0.16529576176409688,
        -0.08379357086749217
      ],
      "converged": true
    },
    "T7": {
      "tier": "T7",
      "L": 0.7428683384782439,
      "k": 0.7616718894661354,
      "m": 1.6474758809738057,
      "r_squared": 0.8498578371486156,
      "residuals": [
        0.0036956404394748177,
        0.003575298556129314,
        -0.09193892918141444,
        0.10391635094759127,
        -0.040766005551809315,
        0.043482665728211134,
        0.030624920509881526,
        -0.11024389120386291,
        0.11643088693916481,
        -0.05832581771812828
      ],
      "converged": true
    }
  },
  "loocv": {
    "per_model": [
      {
        "model": "llama-3.2-1b",
        "actual_params_B": 1.24,
        "predicted_params_agg_B": 0.12589242376511645,
        "predicted_params_tier_B": 1.590234566253203,
        "mult_error_agg": 9.84967929693313,
        "mult_error_tier": 1.2824472308493573
      },
      {
        "model": "llama-3.2-3b",
        "actual_params_B": 3.21,
        "predicted_params_agg_B": 5.0731526722394715,
        "predicted_params_tier_B": 3.140373900169206,
        "mult_error_agg": 1.5804213932210192,
        "mult_error_tier": 1.0221712770657794
      },
      {
        "model": "qwen-2.5-7b",
        "actual_params_B": 7.62,
        "predicted_params_agg_B": 9.775690982373405,
        "predicted_params_tier_B": 4.5096303053199716,
        "mult_error_agg": 1.282899079051628,
        "mult_error_tier": 1.689717223828914
      },
      {
        "model": "gemma-2-9b",
        "actual_params_B": 9.24,
        "predicted_params_agg_B": 45.959124920131224,
        "predicted_params_tier_B": 20.111404123777827,
        "mult_error_agg": 4.97393126841247,
        "mult_error_tier": 2.176558887854743
      },
      {
        "model": "phi-4",
        "actual_params_B": 14.7,
        "predicted_params_agg_B": 28.73048682309842,
        "predicted_params_tier_B": 11.252004779853834,
        "mult_error_agg": 1.9544548859250628,
        "mult_error_tier": 1.3064338566865552
      },
      {
        "model": "gemma-2-27b",
        "actual_params_B": 27.0,
        "predicted_params_agg_B": 48.40259495935583,
        "predicted_params_tier_B": 21.825436943042597,
        "mult_error_agg": 1.7926887021983642,
        "mult_error_tier": 1.2370886351765307
      },
      {
        "model": "qwen-2.5-72b",
        "actual_params_B": 72.7,
        "predicted_params_agg_B": 70.9533631660068,
        "predicted_params_tier_B": 34.35672013818611,
        "mult_error_agg": 1.024616688428238,
        "mult_error_tier": 2.116034350997227
      },
      {
        "model": "mistral-large",
        "actual_params_B": 123.0,
        "predicted_params_agg_B": 55.76843785875436,
        "predicted_params_tier_B": 24.73156331192892,
        "mult_error_agg": 2.205548599218865,
        "mult_error_tier": 4.973401739657626
      },
      {
        "model": "hermes-3-405b",
        "actual_params_B": 405.0,
        "predicted_params_agg_B": 316.70156198808104,
        "predicted_params_tier_B": 622.7027398359825,
        "mult_error_agg": 1.2788064493829117,
        "mult_error_tier": 1.537537629224648
      },
      {
        "model": "deepseek-v3",
        "actual_params_B": 671.0,
        "predicted_params_agg_B": 123.38265408710949,
        "predicted_params_tier_B": 121.66448890431305,
        "mult_error_agg": 5.438365748934747,
        "mult_error_tier": 5.515167211426249
      }
    ],
    "aggregate_estimator": {
      "median_mult_error": 1.8735717940617134,
      "mean_mult_error": 3.1381412111706437,
      "max_mult_error": 9.84967929693313,
      "pct_within_2x": 0.6
    },
    "tier_estimator": {
      "median_mult_error": 1.6136274265267812,
      "mean_mult_error": 2.285655804276763,
      "max_mult_error": 5.515167211426249,
      "pct_within_2x": 0.6
    }
  },
  "bootstrap_ci": {
    "alpha_ci_95": [
      10.173484820363475,
      21.266112577802645
    ],
    "beta_ci_95": [
      -12.785213688675857,
      -4.544920123234319
    ],
    "n_bootstrap": 1000
  },
  "calibration_models": [
    {
      "name": "llama-3.2-1b",
      "params_billion": 1.24,
      "aggregate_accuracy": 0.44508532867216843,
      "per_tier_accuracy": {
        "T1": 0.88,
        "T2": 0.7551020408163265,
        "T3": 0.44,
        "T4": 0.34782608695652173,
        "T5": 0.2916666666666667,
        "T6": 0.21052631578947367,
        "T7": 0.19047619047619047
      }
    },
    {
      "name": "llama-3.2-3b",
      "params_billion": 3.21,
      "aggregate_accuracy": 0.608620766988114,
      "per_tier_accuracy": {
        "T1": 0.92,
        "T2": 0.84,